{
    "Account One"   : 100.00000000,
    "Account Two"   : 200.00000000,
    "Account Three" : -100.00000000
}
